time,meanMsgsAtGateway,meanAtService
0,0,0
0.1,0,0
0.2,0,0
0.3,0,0
0.4,0,0
0.5,0,0
0.6,0,0
0.7,0,0
0.8,0,0
0.9,0,0
1.0,0,0
1.1,0,0
1.2,0,0
1.3,0,0
1.4,0,0
1.5,0,0
1.6,0,0
1.7,0,0
1.8,0,0
1.9,0,0
2.0,0,0
2.1,0,0
2.2,0,0
2.3,0,0
2.4,0,0
2.5,0,0
2.6,0,0
2.7,0,0
2.8,0,0
2.9,0,0
3.0,0,0
3.1,0,0
3.2,0,0
3.3,0,0
3.4,0,0
3.5,0,0
3.6,0,0
3.7,0,0
3.8,0,0
3.9,0,0
4.0,1,0
4.1,1,0
4.2,1,0
4.3,1,0
4.4,1,0
4.5,1,0
4.6,1,0
4.7,1,0
4.8,1,0
4.9,1,0
5.0,1,0
5.1,1,0
5.2,1,0
5.3,1,0
5.4,1,0
5.5,1,0
5.6,1,0
5.7,1,0
5.8,1,0
5.9,1,0
6.0,1,0
6.1,1,0
6.2,1,0
6.3,1,0
6.4,1,0
6.5,1,0
6.6,1,0
6.7,1,0
6.8,1,0
6.9,1,0
7.0,3,0
7.1,3,0
7.2,4,0
7.3,4,0
7.4,4,0
7.5,4,0
7.6,4,0
7.7,4,0
7.8,4,0
7.9,4,0
8.0,5,0
8.1,6,0
8.2,6,0
8.3,6,0
8.4,6,0
8.5,6,0
8.6,6,0
8.7,6,0
8.8,6,0
8.9,6,0
9.0,6,0
9.1,6,0
9.2,7,0
9.3,7,0
9.4,8,0
9.5,8,0
9.6,9,0
9.7,9,0
9.8,9,0
9.9,9,0
10.0,9,0
10.1,10,0
10.2,10,0
10.3,10,0
10.4,11,0
10.5,11,0
10.6,11,0
10.7,12,0
10.8,12,0
10.9,12,0
11.0,12,0
11.1,13,0
11.2,13,0
11.3,13,0
11.4,13,0
11.5,13,0
11.6,13,0
11.7,13,0
11.8,13,0
11.9,13,0
12.0,13,0
12.1,13,0
12.2,13,0
12.3,13,0
12.4,13,0
12.5,13,0
12.6,13,0
12.7,13,0
12.8,13,0
12.9,13,0
13.0,13,0
13.1,13,0
13.2,13,0
13.3,13,0
13.4,13,0
13.5,13,0
13.6,13,0
13.7,13,0
13.8,13,0
13.9,13,0
14.0,13,0
14.1,13,0
14.2,13,0
14.3,13,0
14.4,13,0
14.5,13,0
14.6,14,0
14.7,14,0
14.8,14,0
14.9,14,0
15.0,14,0
15.1,14,0
15.2,14,0
15.3,14,0
15.4,14,0
15.5,14,0
15.6,14,0
15.7,14,0
15.8,15,0
15.9,16,0
16.0,17,0
16.1,17,0
16.2,17,0
16.3,17,0
16.4,17,0
16.5,17,0
16.6,17,0
16.7,17,0
16.8,17,0
16.9,17,0
17.0,17,0
17.1,17,0
17.2,19,0
17.3,0,22
17.4,0,22
17.5,1,22
17.6,1,22
17.7,1,22
17.8,1,22
17.9,1,21
18.0,2,21
18.1,2,20
18.2,2,20
18.3,2,20
18.4,2,19
18.5,2,19
18.6,2,18
18.7,2,18
18.8,2,18
18.9,2,18
19.0,3,18
19.1,3,18
19.2,3,18
19.3,3,18
19.4,3,18
19.5,3,18
19.6,3,18
19.7,3,18
19.8,3,18
19.9,3,18
20.0,3,17
20.1,3,17
20.2,3,17
20.3,3,17
20.4,3,17
20.5,3,17
20.6,4,17
20.7,4,16
20.8,4,16
20.9,4,16
21.0,4,16
21.1,4,16
21.2,4,16
21.3,4,16
21.4,4,16
21.5,4,16
21.6,4,16
21.7,4,16
21.8,4,15
21.9,4,15
22.0,4,15
22.1,4,15
22.2,4,15
22.3,4,15
22.4,4,15
22.5,4,15
22.6,4,14
22.7,4,14
22.8,4,14
22.9,4,14
23.0,4,14
23.1,4,14
23.2,5,14
23.3,5,14
23.4,5,14
23.5,5,14
23.6,5,14
23.7,5,14
23.8,5,14
23.9,5,14
24.0,5,14
24.1,5,14
24.2,5,14
24.3,5,14
24.4,5,14
24.5,5,14
24.6,5,14
24.7,5,14
24.8,5,14
24.9,5,12
25.0,5,11
25.1,5,11
25.2,5,11
25.3,5,11
25.4,5,11
25.5,5,11
25.6,5,11
25.7,5,11
25.8,5,11
25.9,5,11
26.0,5,11
26.1,5,11
26.2,5,11
26.3,5,11
26.4,5,11
26.5,5,11
26.6,5,11
26.7,5,11
26.8,5,11
26.9,5,10
27.0,6,10
27.1,6,10
27.2,6,10
27.3,6,10
27.4,6,9
27.5,6,9
27.6,6,8
27.7,6,8
27.8,6,8
27.9,6,8
28.0,6,8
28.1,6,7
28.2,6,7
28.3,6,7
28.4,6,6
28.5,6,6
28.6,6,6
28.7,7,5
28.8,7,5
28.9,7,5
29.0,7,3
29.1,7,3
29.2,8,3
29.3,8,2
29.4,8,2
29.5,8,1
29.6,8,1
29.7,9,1
29.8,9,1
29.9,9,0
30.0,9,0
30.1,9,0
30.2,9,0
30.3,9,0
30.4,9,0
30.5,10,0
30.6,10,0
30.7,10,0
30.8,10,0
30.9,10,0
31.0,11,0
31.1,11,0
31.2,11,0
31.3,11,0
31.4,11,0
31.5,11,0
31.6,11,0
31.7,11,0
31.8,12,0
31.9,12,0
32.0,12,0
32.1,12,0
32.2,12,0
32.3,12,0
32.4,12,0
32.5,12,0
32.6,12,0
32.7,12,0
32.8,12,0
32.9,12,0
33.0,12,0
33.1,12,0
33.2,12,0
33.3,12,0
33.4,12,0
33.5,13,0
33.6,13,0
33.7,13,0
33.8,13,0
33.9,13,0
34.0,13,0
34.1,14,0
34.2,14,0
34.3,14,0
34.4,14,0
34.5,14,0
34.6,14,0
34.7,14,0
34.8,14,0
34.9,14,0
35.0,14,0
35.1,14,0
35.2,14,0
35.3,14,0
35.4,14,0
35.5,14,0
35.6,14,0
35.7,14,0
35.8,15,0
35.9,15,0
36.0,15,0
36.1,15,0
36.2,15,0
36.3,15,0
36.4,15,0
36.5,15,0
36.6,15,0
36.7,15,0
36.8,15,0
36.9,15,0
37.0,15,0
37.1,15,0
37.2,15,0
37.3,15,0
37.4,16,0
37.5,16,0
37.6,16,0
37.7,16,0
37.8,16,0
37.9,17,0
38.0,17,0
38.1,17,0
38.2,17,0
38.3,17,0
38.4,17,0
38.5,17,0
38.6,17,0
38.7,17,0
38.8,17,0
38.9,17,0
39.0,17,0
39.1,17,0
39.2,17,0
39.3,17,0
39.4,17,0
39.5,17,0
39.6,18,0
39.7,18,0
39.8,18,0
39.9,18,0
40.0,18,0
40.1,18,0
40.2,18,0
40.3,18,0
40.4,18,0
40.5,18,0
40.6,18,0
40.7,18,0
40.8,18,0
40.9,18,0
41.0,18,0
41.1,18,0
41.2,18,0
41.3,19,0
41.4,19,0
41.5,19,0
41.6,19,0
41.7,19,0
41.8,19,0
41.9,19,0
42.0,0,22
42.1,0,22
42.2,0,22
42.3,0,22
42.4,0,22
42.5,0,22
42.6,0,22
42.7,0,22
42.8,1,22
42.9,1,22
43.0,1,21
43.1,1,21
43.2,1,21
43.3,1,21
43.4,1,21
43.5,1,21
43.6,1,21
43.7,1,21
43.8,1,21
43.9,1,21
44.0,1,21
44.1,1,21
44.2,1,21
44.3,1,21
44.4,1,21
44.5,1,21
44.6,1,21
44.7,1,21
44.8,1,21
44.9,1,21
45.0,1,21
45.1,1,21
45.2,1,21
45.3,1,21
45.4,1,21
45.5,1,21
45.6,1,21
45.7,1,21
45.8,1,21
45.9,1,21
46.0,1,20
46.1,1,19
46.2,1,19
46.3,1,19
46.4,1,19
46.5,1,18
46.6,1,18
46.7,1,18
46.8,1,18
46.9,1,18
47.0,1,18
47.1,1,18
47.2,1,18
47.3,1,18
47.4,1,18
47.5,1,18
47.6,1,18
47.7,1,18
47.8,1,18
47.9,1,18
48.0,1,18
48.1,1,18
48.2,1,17
48.3,2,17
48.4,2,17
48.5,2,16
48.6,3,16
48.7,3,16
48.8,3,15
48.9,3,15
49.0,3,15
49.1,3,15
49.2,3,15
49.3,3,15
49.4,3,15
49.5,3,15
49.6,3,14
49.7,3,14
49.8,3,13
49.9,3,12
50.0,3,12
50.1,3,12
50.2,3,11
50.3,3,11
50.4,4,11
50.5,4,11
50.6,4,11
50.7,4,11
50.8,4,11
50.9,4,10
51.0,5,10
51.1,5,10
51.2,5,10
51.3,5,10
51.4,5,10
51.5,5,10
51.6,6,10
51.7,6,10
51.8,6,10
51.9,6,10
52.0,6,10
52.1,7,10
52.2,7,10
52.3,7,10
52.4,7,10
52.5,7,9
52.6,7,9
52.7,7,9
52.8,7,9
52.9,7,8
53.0,7,8
53.1,8,8
53.2,8,7
53.3,8,7
53.4,8,7
53.5,8,7
53.6,8,7
53.7,8,7
53.8,8,7
53.9,8,7
54.0,8,7
54.1,8,7
54.2,8,7
54.3,8,7
54.4,8,7
54.5,8,7
54.6,8,7
54.7,8,7
54.8,8,7
54.9,8,7
55.0,8,7
55.1,8,7
55.2,8,7
55.3,8,7
55.4,8,7
55.5,9,7
55.6,9,7
55.7,10,7
55.8,10,7
55.9,10,7
56.0,10,7
56.1,10,7
56.2,10,7
56.3,10,7
56.4,10,7
56.5,10,7
56.6,10,5
56.7,10,5
56.8,10,4
56.9,10,4
57.0,10,4
57.1,10,4
57.2,10,4
57.3,10,4
57.4,11,4
57.5,11,4
57.6,11,4
57.7,11,4
57.8,11,4
57.9,13,4
58.0,13,4
58.1,13,4
58.2,13,4
58.3,13,4
58.4,14,4
58.5,14,4
58.6,14,4
58.7,14,4
58.8,14,3
58.9,14,3
59.0,15,3
59.1,15,3
59.2,15,3
59.3,15,3
59.4,15,3
59.5,16,3
59.6,16,3
59.7,16,3
59.8,16,2
59.9,16,2
60.0,16,2
60.1,16,2
60.2,16,2
60.3,16,2
60.4,16,2
60.5,16,2
60.6,16,2
60.7,16,2
60.8,16,2
60.9,16,2
61.0,16,2
61.1,16,1
61.2,16,1
61.3,16,1
61.4,16,1
61.5,16,1
61.6,16,1
61.7,17,1
61.8,17,1
61.9,17,1
62.0,17,1
62.1,17,1
62.2,17,1
62.3,17,1
62.4,17,1
62.5,18,0
62.6,18,0
62.7,18,0
62.8,18,0
62.9,18,0
63.0,18,0
63.1,18,0
63.2,18,0
63.3,18,0
63.4,18,0
63.5,18,0
63.6,18,0
63.7,18,0
63.8,18,0
63.9,18,0
64.0,18,0
64.1,18,0
64.2,18,0
64.3,18,0
64.4,18,0
64.5,18,0
64.6,18,0
64.7,18,0
64.8,18,0
64.9,18,0
65.0,18,0
65.1,18,0
65.2,18,0
65.3,18,0
65.4,18,0
65.5,18,0
65.6,18,0
65.7,18,0
65.8,18,0
65.9,19,0
66.0,0,22
66.1,0,22
66.2,0,22
66.3,0,21
66.4,0,21
66.5,1,20
66.6,1,20
66.7,1,19
66.8,1,19
66.9,1,19
67.0,1,19
67.1,1,19
67.2,2,19
67.3,2,19
67.4,2,19
67.5,3,19
67.6,3,19
67.7,3,19
67.8,3,18
67.9,3,18
68.0,3,18
68.1,3,18
68.2,3,17
68.3,3,17
68.4,3,17
68.5,3,17
68.6,3,17
68.7,3,17
68.8,3,17
68.9,3,17
69.0,3,17
69.1,3,17
69.2,3,16
69.3,3,16
69.4,4,15
69.5,4,15
69.6,4,15
69.7,4,15
69.8,4,15
69.9,5,15
70.0,5,15
70.1,5,15
70.2,5,15
70.3,5,15
70.4,6,14
70.5,6,14
70.6,6,14
70.7,6,14
70.8,6,14
70.9,6,14
71.0,6,13
71.1,6,13
71.2,6,13
71.3,6,13
71.4,6,13
71.5,6,13
71.6,6,13
71.7,6,13
71.8,6,13
71.9,6,13
72.0,6,13
72.1,6,13
72.2,6,13
72.3,7,13
72.4,7,13
72.5,7,13
72.6,7,13
72.7,7,13
72.8,8,13
72.9,9,13
73.0,9,13
73.1,9,13
73.2,9,13
73.3,9,13
73.4,9,13
73.5,9,13
73.6,9,13
73.7,10,13
73.8,10,13
73.9,10,13
74.0,10,12
74.1,10,12
74.2,10,12
74.3,10,12
74.4,10,12
74.5,10,12
74.6,10,11
74.7,10,11
74.8,10,11
74.9,10,11
75.0,10,11
75.1,10,11
75.2,10,11
75.3,10,11
75.4,10,11
75.5,10,11
75.6,10,11
75.7,10,11
75.8,10,11
75.9,10,11
76.0,10,11
76.1,10,11
76.2,10,11
76.3,10,11
76.4,10,10
76.5,10,10
76.6,10,10
76.7,10,10
76.8,12,10
76.9,12,10
77.0,12,10
77.1,12,10
77.2,12,10
77.3,12,10
77.4,12,10
77.5,12,9
77.6,12,9
77.7,12,9
77.8,12,9
77.9,12,9
78.0,12,9
78.1,12,9
78.2,12,9
78.3,12,9
78.4,12,9
78.5,12,9
78.6,12,9
78.7,13,9
78.8,13,9
78.9,13,9
79.0,13,9
79.1,13,9
79.2,13,9
79.3,14,9
79.4,14,9
79.5,15,9
79.6,15,8
79.7,15,8
79.8,15,8
79.9,15,8
80.0,15,8
80.1,15,8
80.2,15,8
80.3,15,8
80.4,15,8
80.5,15,8
80.6,15,8
80.7,15,8
80.8,15,8
80.9,15,8
81.0,15,8
81.1,15,8
81.2,15,8
81.3,15,8
81.4,16,8
81.5,16,8
81.6,16,8
81.7,16,8
81.8,16,8
81.9,16,8
82.0,16,8
82.1,16,8
82.2,16,8
82.3,16,8
82.4,16,7
82.5,16,7
82.6,16,7
82.7,17,7
82.8,17,6
82.9,17,5
83.0,17,5
83.1,17,5
83.2,17,5
83.3,17,5
83.4,17,4
83.5,17,4
83.6,17,4
83.7,17,4
83.8,17,3
83.9,17,3
84.0,17,3
84.1,17,3
84.2,17,3
84.3,17,3
84.4,17,3
84.5,17,2
84.6,17,2
84.7,17,1
84.8,17,1
84.9,17,1
85.0,17,1
85.1,17,1
85.2,17,1
85.3,17,0
85.4,18,0
85.5,18,0
85.6,18,0
85.7,18,0
85.8,19,0
85.9,19,0
86.0,19,0
86.1,19,0
86.2,19,0
86.3,19,0
86.4,19,0
86.5,19,0
86.6,19,0
86.7,19,0
86.8,19,0
86.9,0,22
87.0,0,22
87.1,0,22
87.2,0,22
87.3,0,22
87.4,1,22
87.5,1,22
87.6,1,22
87.7,1,22
87.8,1,22
87.9,1,22
88.0,1,19
88.1,1,19
88.2,1,19
88.3,1,19
88.4,1,19
88.5,1,19
88.6,1,19
88.7,1,18
88.8,1,18
88.9,1,18
89.0,1,15
89.1,1,15
89.2,1,15
89.3,2,15
89.4,2,15
89.5,2,15
89.6,2,15
89.7,2,15
89.8,2,15
89.9,2,15
90.0,2,15
90.1,2,15
90.2,2,15
90.3,3,15
90.4,3,15
90.5,3,15
90.6,3,15
90.7,3,15
90.8,3,15
90.9,3,15
91.0,3,15
91.1,3,15
91.2,3,15
91.3,3,15
91.4,3,15
91.5,3,15
91.6,3,15
91.7,3,15
91.8,3,15
91.9,3,15
92.0,3,15
92.1,3,15
92.2,3,14
92.3,3,14
92.4,3,14
92.5,3,14
92.6,3,14
92.7,3,14
92.8,4,14
92.9,4,14
93.0,4,13
93.1,4,13
93.2,4,12
93.3,4,12
93.4,4,12
93.5,5,12
93.6,5,12
93.7,5,12
93.8,5,12
93.9,5,12
94.0,5,12
94.1,5,12
94.2,5,12
94.3,5,12
94.4,5,12
94.5,5,12
94.6,5,12
94.7,5,12
94.8,5,11
94.9,5,10
95.0,5,9
95.1,5,9
95.2,6,9
95.3,6,9
95.4,6,9
95.5,6,9
95.6,6,9
95.7,6,9
95.8,6,9
95.9,6,9
96.0,7,9
96.1,7,9
96.2,7,9
96.3,7,9
96.4,7,9
96.5,7,9
96.6,8,9
96.7,8,8
96.8,9,8
96.9,9,8
97.0,9,8
97.1,9,8
97.2,9,8
97.3,9,8
97.4,9,8
97.5,9,8
97.6,9,8
97.7,10,8
97.8,10,8
97.9,10,8
98.0,10,8
98.1,10,8
98.2,10,7
98.3,10,7
98.4,10,6
98.5,10,6
98.6,10,5
98.7,10,5
98.8,10,5
98.9,10,5
99.0,10,5
99.1,10,3
99.2,10,3
99.3,10,3
99.4,11,3
99.5,11,3
99.6,11,2
99.7,11,2
99.8,12,2
99.9,12,2
100.0,13,2
100.1,13,2
100.2,14,2
100.3,14,2
100.4,14,2
100.5,14,2
100.6,14,2
100.7,14,2
100.8,14,2
100.9,15,2
101.0,15,1
101.1,15,1
101.2,15,1
101.3,15,1
101.4,15,1
101.5,15,0
101.6,15,0
101.7,15,0
101.8,16,0
101.9,16,0
102.0,16,0
102.1,16,0
102.2,16,0
102.3,16,0
102.4,16,0
102.5,16,0
102.6,16,0
102.7,16,0
102.8,16,0
102.9,16,0
103.0,16,0
103.1,17,0
103.2,17,0
103.3,17,0
103.4,17,0
103.5,17,0
103.6,17,0
103.7,17,0
103.8,17,0
103.9,18,0
104.0,19,0
104.1,19,0
104.2,19,0
104.3,0,22
104.4,0,22
104.5,0,22
104.6,0,22
104.7,0,22
104.8,0,22
104.9,1,22
105.0,2,21
105.1,2,21
105.2,2,21
105.3,2,21
105.4,2,21
105.5,2,21
105.6,2,21
105.7,3,21
105.8,3,21
105.9,3,21
106.0,3,21
106.1,3,21
106.2,3,21
106.3,3,21
106.4,3,21
106.5,3,21
106.6,3,21
106.7,3,21
106.8,3,20
106.9,3,19
107.0,3,19
107.1,3,19
107.2,3,19
107.3,3,19
107.4,3,18
107.5,3,18
107.6,3,18
107.7,3,18
107.8,3,18
107.9,3,18
108.0,3,18
108.1,3,18
108.2,3,17
108.3,3,17
108.4,3,17
108.5,3,17
108.6,3,17
108.7,3,17
108.8,3,17
108.9,3,17
109.0,3,17
109.1,3,17
109.2,3,17
109.3,3,17
109.4,3,16
109.5,3,16
109.6,3,16
109.7,3,16
109.8,3,15
109.9,3,15
110.0,3,15
110.1,3,15
110.2,3,15
110.3,3,15
110.4,3,15
110.5,3,15
110.6,3,15
110.7,3,15
110.8,3,14
110.9,3,14
111.0,3,14
111.1,3,13
111.2,3,13
111.3,3,13
111.4,3,13
111.5,4,13
111.6,5,13
111.7,5,13
111.8,5,13
111.9,5,13
112.0,5,12
112.1,6,12
112.2,6,11
112.3,6,10
112.4,6,10
112.5,7,10
112.6,7,10
112.7,7,10
112.8,7,10
112.9,7,10
113.0,7,10
113.1,7,10
113.2,7,10
113.3,7,10
113.4,7,10
113.5,7,10
113.6,7,10
113.7,7,10
113.8,7,10
113.9,7,10
114.0,7,10
114.1,7,10
114.2,7,10
114.3,7,10
114.4,7,10
114.5,7,10
114.6,8,10
114.7,8,10
114.8,8,9
114.9,8,9
115.0,8,9
115.1,8,9
115.2,8,9
115.3,8,9
115.4,8,9
115.5,8,9
115.6,8,9
115.7,8,9
115.8,8,9
115.9,8,9
116.0,8,9
116.1,8,9
116.2,8,9
116.3,8,9
116.4,8,9
116.5,8,9
116.6,8,8
116.7,8,8
116.8,8,8
116.9,8,8
117.0,8,8
117.1,8,8
117.2,8,8
117.3,8,8
117.4,8,8
117.5,8,8
117.6,8,7
117.7,8,7
117.8,8,7
117.9,8,7
118.0,8,7
118.1,8,7
118.2,8,7
118.3,8,7
118.4,8,7
118.5,8,7
118.6,8,7
118.7,8,7
118.8,8,7
118.9,9,7
119.0,9,7
119.1,9,7
119.2,10,7
119.3,10,7
119.4,10,7
119.5,10,7
119.6,10,6
119.7,10,6
119.8,10,6
119.9,10,6
120.0,10,6
120.1,10,6
120.2,10,6
120.3,10,6
120.4,10,6
120.5,11,6
120.6,11,6
120.7,12,6
120.8,12,6
120.9,12,6
121.0,12,6
121.1,12,6
121.2,12,6
121.3,12,5
121.4,12,5
121.5,12,5
121.6,13,5
121.7,13,5
121.8,13,5
121.9,13,5
122.0,13,5
122.1,13,5
122.2,13,5
122.3,13,5
122.4,13,5
122.5,13,5
122.6,14,4
122.7,15,4
122.8,15,4
122.9,15,4
123.0,15,4
123.1,15,3
123.2,15,3
123.3,15,3
123.4,15,3
123.5,15,3
123.6,15,2
123.7,15,2
123.8,15,2
123.9,15,2
124.0,15,1
124.1,15,0
124.2,15,0
124.3,15,0
124.4,15,0
124.5,15,0
124.6,15,0
124.7,15,0
124.8,15,0
124.9,16,0
125.0,16,0
125.1,16,0
125.2,16,0
125.3,16,0
125.4,16,0
125.5,19,0
125.6,0,22
125.7,0,22
125.8,0,22
125.9,0,22
126.0,0,22
126.1,0,22
126.2,0,22
126.3,0,22
126.4,0,22
126.5,0,22
126.6,0,22
126.7,0,22
126.8,1,21
126.9,1,21
127.0,1,21
127.1,1,21
127.2,1,21
127.3,1,20
127.4,1,20
127.5,1,20
127.6,1,20
127.7,1,20
127.8,1,20
127.9,1,20
128.0,1,20
128.1,2,20
128.2,2,20
128.3,2,20
128.4,2,18
128.5,2,18
128.6,3,18
128.7,3,18
128.8,3,18
128.9,3,18
129.0,4,18
129.1,4,18
129.2,4,18
129.3,4,17
129.4,4,17
129.5,4,17
129.6,4,17
129.7,4,17
129.8,4,17
129.9,4,17
130.0,4,15
130.1,4,15
130.2,4,14
130.3,4,14
130.4,4,14
130.5,4,14
130.6,4,14
130.7,4,13
130.8,4,12
130.9,4,12
131.0,4,12
131.1,4,12
131.2,4,12
131.3,4,12
131.4,4,12
131.5,4,12
131.6,4,12
131.7,4,12
131.8,4,12
131.9,4,12
132.0,4,12
132.1,4,12
132.2,4,12
132.3,4,11
132.4,4,10
132.5,4,10
132.6,4,10
132.7,4,10
132.8,4,10
132.9,4,10
133.0,4,10
133.1,4,10
133.2,4,10
133.3,4,10
133.4,5,10
133.5,5,10
133.6,5,10
133.7,5,10
133.8,5,10
133.9,5,10
134.0,5,10
134.1,5,10
134.2,5,10
134.3,5,10
134.4,5,10
134.5,5,10
134.6,5,10
134.7,5,10
134.8,5,10
134.9,5,10
135.0,5,10
135.1,5,10
135.2,5,10
135.3,5,9
135.4,5,9
135.5,5,9
135.6,5,9
135.7,5,9
135.8,5,9
135.9,5,9
136.0,5,9
136.1,5,9
136.2,5,9
136.3,5,9
136.4,5,9
136.5,5,9
136.6,5,9
136.7,6,9
136.8,6,9
136.9,6,9
137.0,6,9
137.1,6,8
137.2,6,8
137.3,6,8
137.4,6,8
137.5,6,8
137.6,6,8
137.7,6,8
137.8,6,8
137.9,6,8
138.0,7,8
138.1,7,8
138.2,7,8
138.3,7,8
138.4,7,8
138.5,7,8
138.6,7,7
138.7,7,7
138.8,7,7
138.9,7,7
139.0,7,6
139.1,7,4
139.2,7,4
139.3,7,4
139.4,7,4
139.5,7,4
139.6,7,3
139.7,7,3
139.8,7,3
139.9,8,3
140.0,8,3
140.1,8,2
140.2,8,2
140.3,8,2
140.4,8,1
140.5,9,0
140.6,9,0
140.7,9,0
140.8,9,0
140.9,9,0
141.0,9,0
141.1,10,0
141.2,10,0
141.3,11,0
141.4,12,0
141.5,12,0
141.6,12,0
141.7,12,0
141.8,12,0
141.9,12,0
142.0,12,0
142.1,12,0
142.2,13,0
142.3,14,0
142.4,14,0
142.5,14,0
142.6,14,0
142.7,15,0
142.8,16,0
142.9,16,0
143.0,16,0
143.1,16,0
143.2,16,0
143.3,16,0
143.4,16,0
143.5,16,0
143.6,16,0
143.7,16,0
143.8,16,0
143.9,16,0
144.0,16,0
144.1,16,0
144.2,16,0
144.3,16,0
144.4,16,0
144.5,16,0
144.6,16,0
144.7,16,0
144.8,16,0
144.9,16,0
145.0,16,0
145.1,16,0
145.2,16,0
145.3,16,0
145.4,16,0
145.5,16,0
145.6,16,0
145.7,16,0
145.8,16,0
145.9,16,0
146.0,16,0
146.1,16,0
146.2,18,0
146.3,18,0
146.4,18,0
146.5,18,0
146.6,18,0
146.7,18,0
146.8,18,0
146.9,18,0
147.0,18,0
147.1,18,0
147.2,18,0
147.3,18,0
147.4,18,0
147.5,19,0
147.6,19,0
147.7,19,0
147.8,19,0
147.9,19,0
148.0,19,0
148.1,19,0
148.2,19,0
148.3,19,0
148.4,19,0
148.5,19,0
148.6,19,0
148.7,19,0
148.8,19,0
148.9,19,0
149.0,19,0
149.1,19,0
149.2,19,0
149.3,19,0
149.4,19,0
149.5,19,0
149.6,19,0
149.7,0,22
149.8,0,21
149.9,1,21
150.0,1,21
150.1,2,21
150.2,2,21
150.3,2,21
150.4,2,21
150.5,2,21
150.6,2,21
150.7,2,21
150.8,2,21
150.9,2,20
151.0,2,20
151.1,2,20
151.2,2,20
151.3,2,20
151.4,2,20
151.5,2,20
151.6,2,20
151.7,2,20
151.8,3,19
151.9,3,19
152.0,3,19
152.1,3,19
152.2,3,19
152.3,3,19
152.4,5,18
152.5,5,18
152.6,5,18
152.7,5,18
152.8,5,18
152.9,5,18
153.0,5,17
153.1,5,17
153.2,5,16
153.3,5,16
153.4,5,16
153.5,6,14
153.6,6,14
153.7,6,14
153.8,6,14
153.9,6,14
154.0,6,14
154.1,6,14
154.2,7,14
154.3,8,13
154.4,8,13
154.5,8,12
154.6,8,12
154.7,8,12
154.8,8,12
154.9,8,12
155.0,8,12
155.1,8,12
155.2,8,12
155.3,8,12
155.4,8,12
155.5,8,12
155.6,8,10
155.7,8,9
155.8,8,9
155.9,8,9
156.0,8,9
156.1,8,9
156.2,8,9
156.3,8,9
156.4,8,9
156.5,8,8
156.6,8,8
156.7,8,8
156.8,8,8
156.9,8,8
157.0,8,8
157.1,8,8
157.2,8,8
157.3,8,7
157.4,8,7
157.5,9,6
157.6,9,6
157.7,9,6
157.8,11,6
157.9,11,6
158.0,11,6
158.1,11,6
158.2,12,6
158.3,12,6
158.4,12,6
158.5,12,6
158.6,12,5
158.7,12,5
158.8,12,5
158.9,12,5
159.0,12,5
159.1,12,5
159.2,12,5
159.3,12,5
159.4,12,5
159.5,12,5
159.6,12,5
159.7,12,5
159.8,12,5
159.9,12,5
160.0,12,5
160.1,12,5
160.2,13,5
160.3,13,5
160.4,14,5
160.5,14,5
160.6,14,5
160.7,14,4
160.8,14,4
160.9,14,3
161.0,15,3
161.1,16,3
161.2,16,3
161.3,17,3
161.4,17,2
161.5,17,1
161.6,18,1
161.7,18,1
161.8,18,1
161.9,19,0
162.0,19,0
162.1,19,0
162.2,1,22
162.3,1,22
162.4,1,22
162.5,1,21
162.6,1,21
162.7,1,21
162.8,1,21
162.9,1,21
163.0,1,21
163.1,1,21
163.2,1,21
163.3,1,21
163.4,1,20
163.5,1,20
163.6,1,20
163.7,1,20
163.8,2,20
163.9,2,20
164.0,2,20
164.1,2,20
164.2,2,20
164.3,2,20
164.4,2,19
164.5,2,19
164.6,2,19
164.7,2,19
164.8,2,19
164.9,2,18
165.0,2,18
165.1,2,18
165.2,3,18
165.3,3,18
165.4,3,18
165.5,3,18
165.6,3,18
165.7,3,18
165.8,3,18
165.9,4,18
166.0,4,18
166.1,5,18
166.2,5,18
166.3,5,18
166.4,5,18
166.5,5,18
166.6,5,18
166.7,5,18
166.8,6,18
166.9,6,17
167.0,6,17
167.1,6,17
167.2,6,17
167.3,6,17
167.4,6,16
167.5,6,16
167.6,6,16
167.7,6,16
167.8,6,16
167.9,6,16
168.0,6,16
168.1,6,16
168.2,6,16
168.3,7,16
168.4,8,16
168.5,9,16
168.6,9,16
168.7,9,16
168.8,10,16
168.9,10,16
169.0,10,16
169.1,11,16
169.2,12,16
169.3,12,16
169.4,12,15
169.5,12,15
169.6,12,15
169.7,12,15
169.8,12,15
169.9,12,14
170.0,12,14
170.1,13,13
170.2,13,12
170.3,13,12
170.4,13,12
170.5,13,12
170.6,13,12
170.7,13,12
170.8,13,12
170.9,13,12
171.0,13,12
171.1,13,12
171.2,13,12
171.3,13,11
171.4,13,10
171.5,13,10
171.6,13,10
171.7,13,10
171.8,13,10
171.9,13,10
172.0,13,10
172.1,13,10
172.2,13,10
172.3,13,10
172.4,13,10
172.5,13,10
172.6,13,10
172.7,13,10
172.8,14,10
172.9,14,10
173.0,14,10
173.1,14,10
173.2,14,10
173.3,14,10
173.4,14,9
173.5,14,9
173.6,14,9
173.7,14,9
173.8,14,9
173.9,14,9
174.0,14,9
174.1,14,9
174.2,14,9
174.3,14,9
174.4,14,9
174.5,14,9
174.6,14,9
174.7,14,9
174.8,14,9
174.9,14,9
175.0,14,9
175.1,15,9
175.2,15,8
175.3,15,8
175.4,15,8
175.5,15,7
175.6,16,6
175.7,16,5
175.8,16,5
175.9,16,4
176.0,16,4
176.1,16,3
176.2,16,3
176.3,16,3
176.4,16,2
176.5,16,2
176.6,17,2
176.7,18,2
176.8,18,2
176.9,18,2
177.0,18,2
177.1,18,2
177.2,18,1
177.3,18,1
177.4,18,1
177.5,18,1
177.6,18,0
177.7,18,0
177.8,18,0
177.9,18,0
178.0,19,0
178.1,19,0
178.2,19,0
178.3,0,22
178.4,0,22
178.5,1,22
178.6,1,22
178.7,1,22
178.8,1,22
178.9,1,22
179.0,1,22
179.1,1,22
179.2,1,22
179.3,1,22
179.4,1,22
179.5,1,22
179.6,1,22
179.7,1,22
179.8,1,21
179.9,1,21
180.0,1,21
180.1,1,21
180.2,1,21
180.3,1,20
180.4,1,20
180.5,1,20
180.6,1,20
180.7,2,19
180.8,2,19
180.9,2,19
181.0,2,19
181.1,2,19
181.2,2,19
181.3,2,19
181.4,2,19
181.5,2,19
181.6,2,19
181.7,2,19
181.8,2,19
181.9,3,19
182.0,3,19
182.1,3,19
182.2,3,17
182.3,3,17
182.4,3,16
182.5,3,16
182.6,3,16
182.7,3,16
182.8,3,16
182.9,3,16
183.0,3,15
183.1,3,15
183.2,3,14
183.3,4,14
183.4,4,14
183.5,4,14
183.6,4,14
183.7,4,14
183.8,4,13
183.9,4,13
184.0,4,13
184.1,4,12
184.2,5,12
184.3,5,12
184.4,5,12
184.5,5,12
184.6,5,12
184.7,5,11
184.8,5,11
184.9,5,11
185.0,5,10
185.1,5,10
185.2,5,10
185.3,5,10
185.4,6,9
185.5,6,9
185.6,6,9
185.7,6,9
185.8,6,8
185.9,6,7
186.0,6,7
186.1,6,7
186.2,6,7
186.3,6,6
186.4,6,6
186.5,6,6
186.6,6,6
186.7,6,6
186.8,6,6
186.9,6,6
187.0,6,6
187.1,6,5
187.2,6,5
187.3,6,5
187.4,6,5
187.5,6,5
187.6,6,5
187.7,7,5
187.8,8,5
187.9,8,5
188.0,8,5
188.1,8,5
188.2,8,5
188.3,8,5
188.4,8,5
188.5,8,5
188.6,8,5
188.7,8,5
188.8,10,5
188.9,10,4
189.0,12,3
189.1,12,3
189.2,12,3
189.3,12,2
189.4,13,2
189.5,13,2
189.6,13,2
189.7,13,2
189.8,13,2
189.9,13,2
190.0,13,2
190.1,13,2
190.2,13,2
190.3,13,2
190.4,14,2
190.5,14,2
190.6,14,2
190.7,14,2
190.8,14,2
190.9,14,2
191.0,14,2
191.1,14,2
191.2,14,2
191.3,14,2
191.4,14,2
191.5,14,2
191.6,14,2
191.7,14,2
191.8,14,2
191.9,14,2
192.0,14,2
192.1,14,2
192.2,14,2
192.3,14,0
192.4,14,0
192.5,14,0
192.6,14,0
192.7,14,0
192.8,14,0
192.9,14,0
193.0,14,0
193.1,15,0
193.2,16,0
193.3,16,0
193.4,17,0
193.5,17,0
193.6,17,0
193.7,17,0
193.8,17,0
193.9,17,0
194.0,17,0
194.1,17,0
194.2,19,0
194.3,19,0
194.4,19,0
194.5,19,0
194.6,19,0
194.7,19,0
194.8,19,0
194.9,19,0
195.0,19,0
195.1,19,0
195.2,19,0
195.3,19,0
195.4,19,0
195.5,19,0
195.6,19,0
195.7,19,0
195.8,19,0
195.9,0,22
196.0,0,22
196.1,0,22
196.2,0,22
196.3,0,22
196.4,0,22
196.5,0,21
196.6,0,21
196.7,1,21
196.8,1,21
196.9,1,21
197.0,1,20
197.1,1,20
197.2,1,20
197.3,1,19
197.4,1,19
197.5,1,19
197.6,1,19
197.7,1,19
197.8,1,19
197.9,1,19
198.0,1,19
198.1,1,19
198.2,1,19
198.3,1,19
198.4,1,19
198.5,1,19
198.6,1,19
198.7,1,19
198.8,1,19
198.9,1,19
199.0,1,19
199.1,1,19
199.2,1,19
199.3,1,19
199.4,1,19
199.5,1,19
199.6,1,19
199.7,1,19
199.8,1,19
199.9,1,19
200.0,1,19
200.1,1,19
200.2,1,19
200.3,1,19
200.4,1,19
200.5,1,19
200.6,1,19
200.7,1,19
200.8,1,18
200.9,1,18
201.0,1,18
201.1,1,18
201.2,2,18
201.3,2,18
201.4,2,18
201.5,2,17
201.6,2,17
201.7,2,17
201.8,2,17
201.9,2,17
202.0,2,17
202.1,2,17
202.2,2,17
202.3,3,17
202.4,3,16
202.5,3,16
202.6,3,15
202.7,3,15
202.8,3,15
202.9,3,15
203.0,3,15
203.1,3,15
203.2,3,15
203.3,3,15
203.4,3,15
203.5,3,15
203.6,3,15
203.7,3,15
203.8,3,15
203.9,4,15
204.0,4,15
204.1,4,15
204.2,4,15
204.3,4,14
204.4,4,14
204.5,4,14
204.6,4,14
204.7,5,14
204.8,5,14
204.9,5,14
205.0,5,14
205.1,5,14
205.2,5,14
205.3,5,14
205.4,5,14
205.5,5,14
205.6,5,14
205.7,5,14
205.8,5,14
205.9,6,14
206.0,6,14
206.1,6,13
206.2,6,12
206.3,6,12
206.4,6,12
206.5,7,12
206.6,7,12
206.7,7,12
206.8,7,12
206.9,7,12
207.0,7,12
207.1,7,12
207.2,7,12
207.3,7,12
207.4,7,12
207.5,7,12
207.6,7,12
207.7,7,12
207.8,7,12
207.9,7,12
208.0,7,12
208.1,7,12
208.2,7,12
208.3,7,12
208.4,7,12
208.5,8,12
208.6,8,12
208.7,8,12
208.8,8,12
208.9,8,12
209.0,8,12
209.1,8,11
209.2,8,10
209.3,8,10
209.4,8,10
209.5,8,10
209.6,8,10
209.7,8,10
209.8,9,9
209.9,9,9
210.0,9,9
210.1,9,8
210.2,9,8
210.3,9,8
210.4,10,8
210.5,10,8
210.6,10,8
210.7,10,8
210.8,10,8
210.9,10,8
211.0,11,8
211.1,11,8
211.2,12,8
211.3,12,8
211.4,12,8
211.5,12,8
211.6,12,7
211.7,12,6
211.8,12,6
211.9,12,6
212.0,12,6
212.1,12,6
212.2,12,5
212.3,12,5
212.4,12,5
212.5,12,5
212.6,12,4
212.7,12,4
212.8,12,4
212.9,12,4
213.0,12,4
213.1,12,4
213.2,12,4
213.3,12,4
213.4,12,4
213.5,12,4
213.6,12,4
213.7,12,4
213.8,13,4
213.9,13,4
214.0,13,3
214.1,13,3
214.2,13,3
214.3,13,3
214.4,13,3
214.5,13,3
214.6,13,3
214.7,13,2
214.8,13,1
214.9,13,1
215.0,13,1
215.1,13,0
215.2,13,0
215.3,13,0
215.4,13,0
215.5,13,0
215.6,13,0
215.7,13,0
215.8,13,0
215.9,13,0
216.0,13,0
216.1,13,0
216.2,13,0
216.3,13,0
216.4,13,0
216.5,13,0
216.6,14,0
216.7,15,0
216.8,15,0
216.9,15,0
217.0,15,0
217.1,15,0
217.2,15,0
217.3,15,0
217.4,15,0
217.5,15,0
217.6,15,0
217.7,15,0
217.8,15,0
217.9,15,0
218.0,15,0
218.1,15,0
218.2,15,0
218.3,15,0
218.4,16,0
218.5,16,0
218.6,16,0
218.7,16,0
218.8,16,0
218.9,16,0
219.0,16,0
219.1,16,0
219.2,16,0
219.3,16,0
219.4,16,0
219.5,16,0
219.6,16,0
219.7,16,0
219.8,16,0
219.9,17,0
220.0,17,0
220.1,18,0
220.2,18,0
220.3,18,0
220.4,18,0
220.5,18,0
220.6,18,0
220.7,18,0
220.8,18,0
220.9,18,0
221.0,18,0
221.1,19,0
221.2,19,0
221.3,19,0
221.4,19,0
221.5,19,0
221.6,19,0
221.7,0,21
221.8,0,21
221.9,0,21
222.0,0,21
222.1,0,21
222.2,0,21
222.3,0,21
222.4,0,20
222.5,0,20
222.6,0,20
222.7,0,20
222.8,0,19
222.9,0,19
223.0,2,19
223.1,2,19
223.2,2,18
223.3,2,18
223.4,2,18
223.5,2,18
223.6,2,17
223.7,2,15
223.8,2,15
223.9,2,15
224.0,2,15
224.1,2,15
224.2,2,15
224.3,2,15
224.4,2,14
224.5,3,14
224.6,4,14
224.7,4,14
224.8,4,14
224.9,4,14
225.0,4,14
225.1,4,14
225.2,4,14
225.3,5,14
225.4,5,14
225.5,5,14
225.6,5,14
225.7,5,14
225.8,5,14
225.9,5,14
226.0,5,14
226.1,5,14
226.2,5,14
226.3,5,13
226.4,5,13
226.5,5,12
226.6,5,12
226.7,5,12
226.8,5,12
226.9,6,11
227.0,6,11
227.1,6,11
227.2,6,11
227.3,6,11
227.4,6,10
227.5,6,10
227.6,7,9
227.7,7,9
227.8,7,9
227.9,7,8
228.0,7,8
228.1,7,8
228.2,8,8
228.3,9,8
228.4,9,8
228.5,9,8
228.6,10,8
228.7,10,8
228.8,10,8
228.9,10,8
229.0,10,8
229.1,10,8
229.2,11,8
229.3,11,8
229.4,12,8
229.5,12,8
229.6,12,8
229.7,12,8
229.8,14,8
229.9,16,8
230.0,16,8
230.1,16,8
230.2,16,8
230.3,16,8
230.4,17,8
230.5,17,8
230.6,17,8
230.7,17,8
230.8,17,8
230.9,17,7
231.0,17,7
231.1,17,7
231.2,17,7
231.3,17,7
231.4,17,7
231.5,17,7
231.6,17,7
231.7,18,7
231.8,19,7
231.9,19,7
232.0,19,7
232.1,1,29
232.2,1,29
232.3,1,28
232.4,1,28
232.5,1,28
232.6,1,28
232.7,1,28
232.8,1,28
232.9,1,28
233.0,1,27
233.1,1,27
233.2,1,27
233.3,1,27
233.4,1,27
233.5,1,27
233.6,1,27
233.7,1,26
233.8,1,26
233.9,1,26
234.0,3,26
234.1,3,25
234.2,3,25
234.3,3,25
234.4,3,25
234.5,3,25
234.6,3,25
234.7,5,24
234.8,6,24
234.9,6,24
235.0,6,24
235.1,7,24
235.2,7,24
235.3,7,24
235.4,7,24
235.5,7,24
235.6,7,23
235.7,7,23
235.8,7,23
235.9,7,23
236.0,7,23
236.1,7,23
236.2,7,23
236.3,7,23
236.4,7,23
236.5,7,23
236.6,7,23
236.7,7,23
236.8,7,23
236.9,7,23
237.0,7,23
237.1,7,23
237.2,7,23
237.3,7,23
237.4,7,23
237.5,8,22
237.6,8,22
237.7,8,22
237.8,9,22
237.9,9,22
238.0,9,22
238.1,9,21
238.2,10,21
238.3,10,21
238.4,10,21
238.5,10,21
238.6,10,21
238.7,10,21
238.8,10,20
238.9,10,20
239.0,10,19
239.1,10,19
239.2,10,19
239.3,10,19
239.4,12,19
239.5,12,19
239.6,12,19
239.7,12,19
239.8,12,19
239.9,12,19
240.0,12,19
240.1,12,19
240.2,12,19
240.3,12,19
240.4,12,19
240.5,12,18
240.6,12,18
240.7,12,18
240.8,12,18
240.9,12,17
241.0,12,17
241.1,12,17
241.2,12,17
241.3,12,16
241.4,13,15
241.5,13,15
241.6,13,15
241.7,13,15
241.8,13,15
241.9,13,15
242.0,13,15
242.1,13,14
242.2,13,14
242.3,13,13
242.4,13,12
242.5,13,12
242.6,14,12
242.7,14,12
242.8,14,12
242.9,14,11
243.0,14,11
243.1,16,11
243.2,16,11
243.3,16,11
243.4,16,11
243.5,16,11
243.6,16,11
243.7,16,11
243.8,16,11
243.9,16,11
244.0,16,11
244.1,16,11
244.2,16,11
244.3,16,11
244.4,16,11
244.5,16,9
244.6,16,9
244.7,16,9
244.8,16,9
244.9,17,9
245.0,18,9
245.1,18,9
245.2,18,9
245.3,19,8
245.4,19,6
245.5,19,6
245.6,19,6
245.7,19,6
245.8,19,6
245.9,19,6
246.0,19,6
246.1,19,6
246.2,19,6
246.3,19,6
246.4,0,28
246.5,0,28
246.6,0,27
246.7,0,25
246.8,0,25
246.9,0,25
247.0,0,25
247.1,0,25
247.2,1,25
247.3,1,23
247.4,1,23
247.5,1,22
247.6,1,22
247.7,2,22
247.8,2,22
247.9,2,22
248.0,2,21
248.1,2,21
248.2,2,21
248.3,2,20
248.4,2,20
248.5,2,20
248.6,2,20
248.7,2,20
248.8,2,19
248.9,3,19
249.0,3,18
249.1,3,18
249.2,3,18
249.3,3,18
249.4,3,18
249.5,3,18
249.6,3,18
249.7,3,18
249.8,3,18
249.9,4,18
250.0,5,18
